folder,name,messier,ngc,ic,other
AndromedaGalaxy-M31,AndromedaGalaxy,31,224,,
BabyEagleNebula-IC360,BabyEagleNebula,,,360,LBN777
BodesGalaxy-M81,BodesGalaxy,81,3031,,
BubbleNebula-NGC7635,BubbleNebula,,7635,,Sh2-162
CigarGalaxy-M82,CigarGalaxy,82,3034,,
CocoonNebula-IC5146,CocoonNebula,,,5146,Caldwell19
CrescentNebula-NGC6888,CrescentNebula,,6888,,Sh2-105
DumbbellNebula-M27,DumbbellNebula,27,6853,,
EagleNebula-M16,EagleNebula,16,6611,4703,
ElephantTrunkNebula-IC1396,ElephantTrunkNebula,,,1396,
FishHeadNebula-NGC896,FishHeadNebula,,896,1795,
GhostNebula-Sh2-136,GhostNebula,,,,Sh2-136
HeartAndSoulNebulae-IC1805-IC1848,HeartAndSoulNebulae,,,1805;1848,
HeartNebula-IC1805,HeartNebula,,,1805,
HerculesCluster-M13,HerculesCluster,13,6205,,
HorseheadNebula-IC434,HorseheadNebula,,,434,Barnard33
LagoonNebula-M8,LagoonNebula,8,6523,,
MarkariansChain,MarkariansChain,84;86,4374;4406;4435;4438;4458;4461;4473;4477,,
NorthAmericaNebula-NGC7000,NorthAmericaNebula,,7000,,
OmegaNebula-M17,OmegaNebula,17,6618,,
OrionNebula-M42,OrionNebula,42,1976,,
PacmanNebula-NGC281,PacmanNebula,,281,11,Sh2-184
PelicanNebula-IC5070,PelicanNebula,,,5070,
PinwheelGalaxy-M101,PinwheelGalaxy,101,5457,,
Pleiades-M45,Pleiades,45,,,Mel22
RingNebula-M57,RingNebula,57,6720,,
RosetteNebula-NGC2237,RosetteNebula,,2237;2238;2239;2244;2246,,
SadrRegion-IC1318,SadrRegion,,,1318,
SoulNebula-IC1848,SoulNebula,,,1848,
SplinterGalaxy-NGC5907,SplinterGalaxy,,5907,,
TigersEyeGalaxy-NGC2841,TigersEyeGalaxy,,2841,,
TriangulumGalaxy-M33,TriangulumGalaxy,33,598,,
VeilNebula-NGC6960-NGC6992,VeilNebula,,6960;6992;6995,1340,
WhirlpoolGalaxy-M51,WhirlpoolGalaxy,51,5194,,
WizardNebula-NGC7380,WizardNebula,,7380,,
